{
  "Vehicle_ID": "VEH_0006",
  "Vehicle_Type": "Delivery",
  "Timestamp": "2023-07-01 15:15:00",
  "SOC": 0.1915506527471786,
  "Charge_Cycles": 169.79746337166205,
  "Battery_Voltage": 305.9506847576229,
  "Battery_Current": -211.0630595817153,
  "Battery_Temperature": 36.19687323475024,
  "Ambient_Temperature": 28.909296614496142,
  "Ambient_Humidity": 77.89587148787076,
  "Load_Weight": 88.0844638297671,
  "Driving_Speed": 0.0,
  "Route_Roughness": 0.0,
  "Driver_Aggressiveness": 0.2711996413666468,
  "Power_Consumption": 41.64144624938667,
  "Weather_Condition": "Sunny",
  "Road_Surface_Condition": "Dry",
  "Traffic_Density": "Medium",
  "Motor_RPM": 0.0,
  "Motor_Temperature": 28.909296614496142,
  "Motor_Torque": 0.0,
  "Inverter_Temperature": 42.07187179715236,
  "Inverter_Efficiency": 0.9517355167842512,
  "Coolant_Temperature": 33.634274813468465,
  "Transmission_Temperature": 29.120610291480315,
  "Transmission_Efficiency": 0.9749221980243538,
  "Energy_Recuperation_Rate": 0.1361717380944211,
  "Brake_Pad_Wear": 0.6058303688354546,
  "Reg_Brake_Efficiency": 0.3,
  "Suspension_Load": 150.0,
  "Tire_Pressure": 30.079968345690663,
  "Tire_Temperature": 28.909296614496142,
  "Acceleration_X": 0.1035734873539709,
  "Acceleration_Y": 0.0027139132261346,
  "Acceleration_Z": 0.0465521839378811,
  "Battery_Health_Score": 0.9343779965178866,
  "Motor_Health_Score": 0.8230200209919284,
  "Inverter_Health_Score": 0.850761893140129,
  "Thermal_System_Health_Score": 0.9585491260157346,
  "Charging_System_Health_Score": 0.9030445477843048,
  "Component_Health_Score": 0.9073463044736176,
  "Failure_Probability": 0.0170345769753273,
  "Is_Charging": 1.0,
  "Is_Discharging": 0.0,
  "Is_Idle": 0.0,
  "SOP_Discharge_kW": 0.0,
  "SOP_Charge_kW": 0.0,
  "Capacity_Fade_Rate": 0.0708629089597759,
  "Pack_Current_A": -211.0630595817153,
  "C_Rate": -0.0042212611916343,
  "Pack_Internal_Resistance_Ohm": 0.0443881852130945,
  "Pack_Temp_C": 36.19687323475024,
  "Max_Cell_Voltage_Diff": 0.0,
  "Cell_Voltage_Std": 0.0,
  "Cell_Balancing_Active": 0.0,
  "Balancing_Current_A": 0.0,
  "Fast_Charging_Events_Count_1d": 0.0,
  "DCFC_Events_Count_1d": 0.0,
  "Thermal_Gradient_Magnitude": 13.209160401892165,
  "Cell_Voltage_Min": 4.25,
  "Cell_Voltage_Max": 4.25,
  "Cell_Voltage_Mean": 4.25,
  "Cell_Voltage_Std_Agg": 0.0,
  "Cell_Temp_Min": 36.02185733050823,
  "Cell_Temp_Max": 49.2310177324004,
  "Cell_Temp_Mean": 43.07593026961327,
  "Cell_Temp_Std": 4.594587423482057,
  "Cell_Resistance_Min": 3.245280812439092,
  "Cell_Resistance_Max": 4.463011234079197,
  "Cell_Resistance_Mean": 3.6990154344245423,
  "Cell_Resistance_Std": 0.361554852744427
}